"","MouseID","Genotype","Timepoint","Genotype_Timepoint","Project","Sample_type","weight","unit","Extraction_Date","gDNA_Plate_Number","gDNA_Well_Location","PCR_Date","PCR_Gene","PCR_Plate_Number","Well_Location","Barcode_Plate_Number","Barcode_Plate_Well","BarcodeSequence"
"WT1_R3TK43_d7_COLON","WT1","WT","Day7 ","WT_Day7 ","Skupsky November 2019 Influence of water Soluble Vitamins on the Gut Microbiome","intestine",3733,"mg","11/19/19",1,"D01","11/19/19","16S",1,"C01","Illumina 16S Plate 1","C01","TGACTAATGGCC"
"WT2_L1TK28_D7_COLON","WT2","WT","Day7 ","WT_Day7 ","Skupsky November 2019 Influence of water Soluble Vitamins on the Gut Microbiome","intestine",280,"mg","11/19/19",1,"B02","11/19/19","16S",1,"G01","Illumina 16S Plate 1","G01","GGTGAGCAAGCA"
"WT3_L1TK41_d7_COLON","WT3","WT","Day7 ","WT_Day7 ","Skupsky November 2019 Influence of water Soluble Vitamins on the Gut Microbiome","intestine",356,"mg","11/19/19",1,"F02","11/19/19","16S",1,"C02","Illumina 16S Plate 1","C02","CGGGACACCCGA"
"WT4_R1TK44_d7_COLON","WT4","WT","Day7 ","WT_Day7 ","Skupsky November 2019 Influence of water Soluble Vitamins on the Gut Microbiome","intestine",93,"mg","11/19/19",1,"D03","11/19/19","16S",1,"G02","Illumina 16S Plate 1","G02","TAAATATACCCT"
"KO1_R3L1TK43_d7_COLON","KO1","KO","Day7 ","KO_Day7 ","Skupsky November 2019 Influence of water Soluble Vitamins on the Gut Microbiome","intestine",293,"mg","11/19/19",1,"B04","11/19/19","16S",1,"C03","Illumina 16S Plate 1","C03","CTGTCTATACTA"
"KO2_R1R3TK28_d7_COLON","KO2","KO","Day7 ","KO_Day7 ","Skupsky November 2019 Influence of water Soluble Vitamins on the Gut Microbiome","intestine",263,"mg","11/19/19",1,"F04","11/19/19","16S",1,"G03","Illumina 16S Plate 1","G03","TTGCGGACCCTA"
"KO3_L3TK40_d7_COLON","KO3","KO","Day7 ","KO_Day7 ","Skupsky November 2019 Influence of water Soluble Vitamins on the Gut Microbiome","intestine",331,"mg","11/19/19",1,"D05","11/19/19","16S",1,"C04","Illumina 16S Plate 1","C04","TATGCCAGAGAT"
"KO4_TK44L1_d7_COLON","KO4","KO","Day7 ","KO_Day7 ","Skupsky November 2019 Influence of water Soluble Vitamins on the Gut Microbiome","intestine",31,"mg","11/19/19",1,"B06","11/19/19","16S",1,"G04","Illumina 16S Plate 1","G04","GTCGTCCAAATG"
"WT1_R3TK43_d0_STOOL","WT1","WT","Day0","WT_Day0","Skupsky November 2019 Influence of water Soluble Vitamins on the Gut Microbiome","stool",107.2,"mg","11/19/19",1,"B01","11/19/19","16S",1,"A01","Illumina 16S Plate 1","A01","AGCCTTCGTCGC"
"WT1_R3TK43_d7_STOOL","WT1","WT","Day7 ","WT_Day7 ","Skupsky November 2019 Influence of water Soluble Vitamins on the Gut Microbiome","stool",144.8,"mg","11/19/19",1,"C01","11/19/19","16S",1,"B01","Illumina 16S Plate 1","B01","CGTATAAATGCG"
"WT2_L1TK28_d0_STOOL","WT2","WT","Day0","WT_Day0","Skupsky November 2019 Influence of water Soluble Vitamins on the Gut Microbiome","stool",117.7,"mg","11/19/19",1,"F01","11/19/19","16S",1,"E01","Illumina 16S Plate 1","E01","TGATGTGCTAAG"
"WT2_L1TK28_D7_STOOL","WT2","WT","Day7 ","WT_Day7 ","Skupsky November 2019 Influence of water Soluble Vitamins on the Gut Microbiome","stool",77.6,"mg","11/19/19",1,"G01","11/19/19","16S",1,"F01","Illumina 16S Plate 1","F01","TGTGCACGCCAT"
"WT3_L1TK41_d0_STOOL","WT3","WT","Day0","WT_Day0","Skupsky November 2019 Influence of water Soluble Vitamins on the Gut Microbiome","stool",107.8,"mg","11/19/19",1,"D02","11/19/19","16S",1,"A02","Illumina 16S Plate 1","A02","TCCATACCGGAA"
"WT3_L1TK41_d7_STOOL","WT3","WT","Day7 ","WT_Day7 ","Skupsky November 2019 Influence of water Soluble Vitamins on the Gut Microbiome","stool",97.2,"mg","11/19/19",1,"E02","11/19/19","16S",1,"B02","Illumina 16S Plate 1","B02","ATGCTGCAACAC"
"WT4_R1TK44_d0_STOOL","WT4","WT","Day0","WT_Day0","Skupsky November 2019 Influence of water Soluble Vitamins on the Gut Microbiome","stool",89,"mg","11/19/19",1,"B03","11/19/19","16S",1,"E02","Illumina 16S Plate 1","E02","GTAGTAGACCAT"
"WT4_R1TK44_d7_STOOL","WT4","WT","Day7 ","WT_Day7 ","Skupsky November 2019 Influence of water Soluble Vitamins on the Gut Microbiome","stool",50,"mg","11/19/19",1,"C03","11/19/19","16S",1,"F02","Illumina 16S Plate 1","F02","CCGGACAAGAAG"
"KO1_R3L1TK43_d0_STOOL","KO1","KO","Day0","KO_Day0","Skupsky November 2019 Influence of water Soluble Vitamins on the Gut Microbiome","stool",133,"mg","11/19/19",1,"F03","11/19/19","16S",1,"A03","Illumina 16S Plate 1","A03","AGCCCTGCTACA"
"KO1_R3L1TK43_d7_STOOL","KO1","KO","Day7 ","KO_Day7 ","Skupsky November 2019 Influence of water Soluble Vitamins on the Gut Microbiome","stool",233,"mg","11/19/19",1,"G03","11/19/19","16S",1,"B03","Illumina 16S Plate 1","B03","ACTCGCTCGCTG"
"KO2_R1R3TK28_d0_STOOL","KO2","KO","Day0","KO_Day0","Skupsky November 2019 Influence of water Soluble Vitamins on the Gut Microbiome","stool",97.5,"mg","11/19/19",1,"D04","11/19/19","16S",1,"E03","Illumina 16S Plate 1","E03","AGTAAAGATCGT"
"KO2_R1R3TK28_d7_STOOL","KO2","KO","Day7 ","KO_Day7 ","Skupsky November 2019 Influence of water Soluble Vitamins on the Gut Microbiome","stool",188.1,"mg","11/19/19",1,"E04","11/19/19","16S",1,"F03","Illumina 16S Plate 1","F03","TTGCTGGACGCT"
"KO3_L3TK40_d0_STOOL","KO3","KO","Day0","KO_Day0","Skupsky November 2019 Influence of water Soluble Vitamins on the Gut Microbiome","stool",121.1,"mg","11/19/19",1,"B05","11/19/19","16S",1,"A04","Illumina 16S Plate 1","A04","CCTAACGGTCCA"
"KO3_L3TK40_d7_STOOL","KO3","KO","Day7 ","KO_Day7 ","Skupsky November 2019 Influence of water Soluble Vitamins on the Gut Microbiome","stool",193.2,"mg","11/19/19",1,"C05","11/19/19","16S",1,"B04","Illumina 16S Plate 1","B04","TTCCTTAGTAGT"
"KO4_TK44L1_d0_STOOL","KO4","KO","Day0","KO_Day0","Skupsky November 2019 Influence of water Soluble Vitamins on the Gut Microbiome","stool",100,"mg","11/19/19",1,"F05","11/19/19","16S",1,"E04","Illumina 16S Plate 1","E04","CTCGCCCTCGCC"
"KO4_TK44L1_d7_STOOL","KO4","KO","Day7 ","KO_Day7 ","Skupsky November 2019 Influence of water Soluble Vitamins on the Gut Microbiome","stool",153,"mg","11/19/19",1,"G05","11/19/19","16S",1,"F04","Illumina 16S Plate 1","F04","TACTAACGCGGT"
