sampleid,sample_info,MouseID,Timepoint ,Project,Sample_type,weight,unit,Extraction_Date,gDNA_Plate_Number,gDNA_Well_Location,PCR_Date,PCR_Gene,PCR_Plate_Number,Well_Location,Barcode_Plate_Number,Barcode_Plate_Well,BarcodeSequence
1,WT1_R3TK43_d0_STOOL,WT1,Day0,Skupsky November 2019 Influence of water Soluble Vitamins on the Gut Microbiome,stool,107.2,mg,11/19/19,1,B01,11/19/19,16S,1,A01,Illumina 16S Plate 1,A01,AGCCTTCGTCGC
2,WT1_R3TK43_d7_STOOL,WT1,Day7 ,Skupsky November 2019 Influence of water Soluble Vitamins on the Gut Microbiome,stool,144.8,mg,11/19/19,1,C01,11/19/19,16S,1,B01,Illumina 16S Plate 1,B01,CGTATAAATGCG
3,WT1_R3TK43_d7_COLON,WT1,Day7 ,Skupsky November 2019 Influence of water Soluble Vitamins on the Gut Microbiome,intestine,3733,mg,11/19/19,1,D01,11/19/19,16S,1,C01,Illumina 16S Plate 1,C01,TGACTAATGGCC
4,WT1_R3TK43_d7_FOOD,WT1,Day7 ,Skupsky November 2019 Influence of water Soluble Vitamins on the Gut Microbiome,food_pellet,241,mg,11/19/19,1,E01,11/19/19,16S,1,D01,Illumina 16S Plate 1,D01,GTGGAGTCTCAT
5,WT2_L1TK28_d0_STOOL,WT2,Day0,Skupsky November 2019 Influence of water Soluble Vitamins on the Gut Microbiome,stool,117.7,mg,11/19/19,1,F01,11/19/19,16S,1,E01,Illumina 16S Plate 1,E01,TGATGTGCTAAG
6,WT2_L1TK28_D7_STOOL,WT2,Day7 ,Skupsky November 2019 Influence of water Soluble Vitamins on the Gut Microbiome,stool,77.6,mg,11/19/19,1,G01,11/19/19,16S,1,F01,Illumina 16S Plate 1,F01,TGTGCACGCCAT
7,WT2_L1TK28_D7_COLON,WT2,Day7 ,Skupsky November 2019 Influence of water Soluble Vitamins on the Gut Microbiome,intestine,280,mg,11/19/19,1,B02,11/19/19,16S,1,G01,Illumina 16S Plate 1,G01,GGTGAGCAAGCA
8,WT2_L1TK28_D7_FOOD,WT2,Day7 ,Skupsky November 2019 Influence of water Soluble Vitamins on the Gut Microbiome,food_pellet,370,mg,11/19/19,1,C02,11/19/19,16S,1,H01,Illumina 16S Plate 1,H01,CTATGTATTAGT
9,WT3_L1TK41_d0_STOOL,WT3,Day0,Skupsky November 2019 Influence of water Soluble Vitamins on the Gut Microbiome,stool,107.8,mg,11/19/19,1,D02,11/19/19,16S,1,A02,Illumina 16S Plate 1,A02,TCCATACCGGAA
10,WT3_L1TK41_d7_STOOL,WT3,Day7 ,Skupsky November 2019 Influence of water Soluble Vitamins on the Gut Microbiome,stool,97.2,mg,11/19/19,1,E02,11/19/19,16S,1,B02,Illumina 16S Plate 1,B02,ATGCTGCAACAC
11,WT3_L1TK41_d7_COLON,WT3,Day7 ,Skupsky November 2019 Influence of water Soluble Vitamins on the Gut Microbiome,intestine,356,mg,11/19/19,1,F02,11/19/19,16S,1,C02,Illumina 16S Plate 1,C02,CGGGACACCCGA
12,WT3_L1TK41_d7_FOOD,WT3,Day7 ,Skupsky November 2019 Influence of water Soluble Vitamins on the Gut Microbiome,food_pellet,273,mg,11/19/19,1,G02,11/19/19,16S,1,D02,Illumina 16S Plate 1,D02,ACCTTACACCTT
13,WT4_R1TK44_d0_STOOL,WT4,Day0,Skupsky November 2019 Influence of water Soluble Vitamins on the Gut Microbiome,stool,89,mg,11/19/19,1,B03,11/19/19,16S,1,E02,Illumina 16S Plate 1,E02,GTAGTAGACCAT
14,WT4_R1TK44_d7_STOOL,WT4,Day7 ,Skupsky November 2019 Influence of water Soluble Vitamins on the Gut Microbiome,stool,50,mg,11/19/19,1,C03,11/19/19,16S,1,F02,Illumina 16S Plate 1,F02,CCGGACAAGAAG
15,WT4_R1TK44_d7_COLON,WT4,Day7 ,Skupsky November 2019 Influence of water Soluble Vitamins on the Gut Microbiome,intestine,93,mg,11/19/19,1,D03,11/19/19,16S,1,G02,Illumina 16S Plate 1,G02,TAAATATACCCT
16,WT4_R1TK44_d7_FOOD,WT4,Day7 ,Skupsky November 2019 Influence of water Soluble Vitamins on the Gut Microbiome,food_pellet,260,mg,11/19/19,1,E03,11/19/19,16S,1,H02,Illumina 16S Plate 1,H02,ACTCCCGTGTGA
17,KO1_R3L1TK43_d0_STOOL,KO1,Day0,Skupsky November 2019 Influence of water Soluble Vitamins on the Gut Microbiome,stool,133,mg,11/19/19,1,F03,11/19/19,16S,1,A03,Illumina 16S Plate 1,A03,AGCCCTGCTACA
18,KO1_R3L1TK43_d7_STOOL,KO1,Day7 ,Skupsky November 2019 Influence of water Soluble Vitamins on the Gut Microbiome,stool,233,mg,11/19/19,1,G03,11/19/19,16S,1,B03,Illumina 16S Plate 1,B03,ACTCGCTCGCTG
19,KO1_R3L1TK43_d7_COLON,KO1,Day7 ,Skupsky November 2019 Influence of water Soluble Vitamins on the Gut Microbiome,intestine,293,mg,11/19/19,1,B04,11/19/19,16S,1,C03,Illumina 16S Plate 1,C03,CTGTCTATACTA
20,KO1_R3L1TK43_d7_FOOD,KO1,Day7 ,Skupsky November 2019 Influence of water Soluble Vitamins on the Gut Microbiome,food_pellet,320,mg,11/19/19,1,C04,11/19/19,16S,1,D03,Illumina 16S Plate 1,D03,TAATCTCGCCGG
21,KO2_R1R3TK28_d0_STOOL,KO2,Day0,Skupsky November 2019 Influence of water Soluble Vitamins on the Gut Microbiome,stool,97.5,mg,11/19/19,1,D04,11/19/19,16S,1,E03,Illumina 16S Plate 1,E03,AGTAAAGATCGT
22,KO2_R1R3TK28_d7_STOOL,KO2,Day7 ,Skupsky November 2019 Influence of water Soluble Vitamins on the Gut Microbiome,stool,188.1,mg,11/19/19,1,E04,11/19/19,16S,1,F03,Illumina 16S Plate 1,F03,TTGCTGGACGCT
23,KO2_R1R3TK28_d7_COLON,KO2,Day7 ,Skupsky November 2019 Influence of water Soluble Vitamins on the Gut Microbiome,intestine,263,mg,11/19/19,1,F04,11/19/19,16S,1,G03,Illumina 16S Plate 1,G03,TTGCGGACCCTA
24,KO2_R1R3TK28_d7_FOOD,KO2,Day7 ,Skupsky November 2019 Influence of water Soluble Vitamins on the Gut Microbiome,food_pellet,376,mg,11/19/19,1,G04,11/19/19,16S,1,H03,Illumina 16S Plate 1,H03,CGGTATAGCAAT
25,KO3_L3TK40_d0_STOOL,KO3,Day0,Skupsky November 2019 Influence of water Soluble Vitamins on the Gut Microbiome,stool,121.1,mg,11/19/19,1,B05,11/19/19,16S,1,A04,Illumina 16S Plate 1,A04,CCTAACGGTCCA
26,KO3_L3TK40_d7_STOOL,KO3,Day7 ,Skupsky November 2019 Influence of water Soluble Vitamins on the Gut Microbiome,stool,193.2,mg,11/19/19,1,C05,11/19/19,16S,1,B04,Illumina 16S Plate 1,B04,TTCCTTAGTAGT
27,KO3_L3TK40_d7_COLON,KO3,Day7 ,Skupsky November 2019 Influence of water Soluble Vitamins on the Gut Microbiome,intestine,331,mg,11/19/19,1,D05,11/19/19,16S,1,C04,Illumina 16S Plate 1,C04,TATGCCAGAGAT
28,KO3_L3TK40_d7_FOOD,KO3,Day7 ,Skupsky November 2019 Influence of water Soluble Vitamins on the Gut Microbiome,food_pellet,325,mg,11/19/19,1,E05,11/19/19,16S,1,D04,Illumina 16S Plate 1,D04,ATCTAGTGGCAA
29,KO4_TK44L1_d0_STOOL,KO4,Day0,Skupsky November 2019 Influence of water Soluble Vitamins on the Gut Microbiome,stool,100,mg,11/19/19,1,F05,11/19/19,16S,1,E04,Illumina 16S Plate 1,E04,CTCGCCCTCGCC
30,KO4_TK44L1_d7_STOOL,KO4,Day7 ,Skupsky November 2019 Influence of water Soluble Vitamins on the Gut Microbiome,stool,153,mg,11/19/19,1,G05,11/19/19,16S,1,F04,Illumina 16S Plate 1,F04,TACTAACGCGGT
31,KO4_TK44L1_d7_COLON,KO4,Day7 ,Skupsky November 2019 Influence of water Soluble Vitamins on the Gut Microbiome,intestine,31,mg,11/19/19,1,B06,11/19/19,16S,1,G04,Illumina 16S Plate 1,G04,GTCGTCCAAATG
32,KO4_TK44L1_d7_FOOD,KO4,Day7 ,Skupsky November 2019 Influence of water Soluble Vitamins on the Gut Microbiome,food_pellet,310,mg,11/19/19,1,C06,11/19/19,16S,1,H04,Illumina 16S Plate 1,H04,GACTCTGCTCAG
29-RepA,,,,Skupsky November 2019 Influence of water Soluble Vitamins on the Gut Microbiome,stool,n/a,n/a,n/a,1,F05,11/19/19,16S,1,G05,Illumina 16S Plate 1,G05,TGCACAGTCGCT
29-RepB,,,,Skupsky November 2019 Influence of water Soluble Vitamins on the Gut Microbiome,stool,n/a,n/a,n/a,1,F05,11/19/19,16S,1,H05,Illumina 16S Plate 1,H05,GTCATGCTCCAG
PCR-MOCK,Mock,,,Skupsky November 2019 Influence of water Soluble Vitamins on the Gut Microbiome,Mock,n/a,n/a,n/a,n/a,n/a,11/19/19,16S,1,C07,Illumina 16S Plate 1,C07,TGATATCGTCTT
PCR-Negative,neg,,,Skupsky November 2019 Influence of water Soluble Vitamins on the Gut Microbiome,NEGATIVE,n/a,n/a,n/a,n/a,n/a,11/19/19,16S,1,D07,Illumina 16S Plate 1,D07,ATACATGCAAGA